Method,VRAM Mode,Seed,r,Learning Rate,Shot Size,Freeze Layers,Trainable %,Peak VRAM,Accuracy,F1 Score,BS Mean Acc,BS Mean F1,BS F1 CI (Low),BS F1 CI (High),Training Time (s),Time per Epoch (s)
Full Finetune (Default),FP32,42,16,5e-05,67349,0,100.0000%,6450.24609375,0.9220,0.9219,-1.0000,-1.0000,-1.0000,-1.0000,1454.0,484.7
Full Finetune (FP16),FP32 (Forced Fallback on T4),42,16,5e-05,67349,0,100.0000%,6455.052734375,0.9220,0.9219,-1.0000,-1.0000,-1.0000,-1.0000,1460.2,486.7
LoRA (FP16),FP16,42,16,0.0002,67349,0,0.8030%,3136.91015625,0.9174,0.9174,-1.0000,-1.0000,-1.0000,-1.0000,367.9,122.6
LoRA (8-bit),8-bit,42,16,0.0002,67349,0,0.8030%,1310.28466796875,0.9151,0.9151,-1.0000,-1.0000,-1.0000,-1.0000,1368.0,456.0
QLoRA (4-bit),4-bit (NF4),42,16,0.0002,67349,0,1.3109%,1122.083984375,0.9232,0.9231,-1.0000,-1.0000,-1.0000,-1.0000,742.0,247.3
