Method,VRAM Mode,Seed,r,Learning Rate,Shot Size,Freeze Layers,Trainable %,Peak VRAM,Accuracy,F1 Score,BS Mean Acc,BS Mean F1,BS F1 CI (Low),BS F1 CI (High),Training Time (s),Time per Epoch (s)
Full Finetune (Default),FP32,42,16,5e-05,67349,0,100.0000%,6447.61328125,0.9174,0.9173,-1.0000,-1.0000,-1.0000,-1.0000,1005.5,335.2
Full Finetune (BF16),BF16,42,16,5e-05,67349,0,100.0000%,3321.52392578125,0.9140,0.9140,-1.0000,-1.0000,-1.0000,-1.0000,325.8,108.6
LoRA (BF16),BF16,42,16,0.0002,67349,0,0.8030%,3136.91015625,0.9163,0.9161,-1.0000,-1.0000,-1.0000,-1.0000,295.5,98.5
LoRA (8-bit),8-bit,42,16,0.0002,67349,0,0.8030%,1310.3798828125,0.9140,0.9139,-1.0000,-1.0000,-1.0000,-1.0000,963.1,321.0
QLoRA (4-bit),4-bit (NF4),42,16,0.0002,67349,0,1.3109%,1122.083984375,0.9174,0.9174,-1.0000,-1.0000,-1.0000,-1.0000,641.4,213.8
