Method,VRAM Mode,Seed,r,Learning Rate,Shot Size,Freeze Layers,Trainable %,Peak VRAM,Accuracy,F1 Score,BS Mean Acc,BS Mean F1,BS F1 CI (Low),BS F1 CI (High),Training Time (s),Time per Epoch (s)
LoRA Sweep - R=1,BF16,6657,1,0.0001,67349,0,0.0519%,3331.88134765625,0.9060,0.9058,-1.0000,-1.0000,-1.0000,-1.0000,289.2,96.4
LoRA Sweep - R=4,BF16,6657,4,0.0001,67349,0,0.2030%,3337.26025390625,0.9174,0.9174,-1.0000,-1.0000,-1.0000,-1.0000,296.2,98.7
LoRA Sweep - R=8,BF16,6657,8,0.0001,67349,0,0.4038%,3344.43212890625,0.9243,0.9242,-1.0000,-1.0000,-1.0000,-1.0000,297.8,99.3
LoRA Sweep - R=16,BF16,6657,16,0.0001,67349,0,0.8030%,3358.77587890625,0.9174,0.9173,-1.0000,-1.0000,-1.0000,-1.0000,301.6,100.5
LoRA Sweep - R=32,BF16,6657,32,0.0001,67349,0,1.5919%,3390.58837890625,0.9197,0.9196,-1.0000,-1.0000,-1.0000,-1.0000,300.4,100.1
LoRA Sweep - R=64,BF16,6657,64,0.0001,67349,0,3.1325%,3451.11572265625,0.9174,0.9173,-1.0000,-1.0000,-1.0000,-1.0000,315.5,105.2
