{
  "transfer_accuracy": 0.6911764705882353,
  "svd_analysis": {
    "base_model.model.bert.encoder.layer.0.attention.self.value": {
      "mean_singular_value": 0.002137033501639962,
      "max_singular_value": 0.8573451042175293,
      "rank_95": 2,
      "stable_rank": 2.9243946075439453,
      "singular_values": [
        0.8573451042175293,
        0.3981874883174896,
        0.10847412794828415,
        0.06447899341583252,
        0.06351249665021896,
        0.05861654877662659,
        0.04761834815144539,
        0.04300771653652191,
        5.5778075491730306e-09,
        5.453038465219606e-09
      ]
    },
    "base_model.model.bert.encoder.layer.1.attention.self.value": {
      "mean_singular_value": 0.001499886973761022,
      "max_singular_value": 0.6624503135681152,
      "rank_95": 2,
      "stable_rank": 2.610288143157959,
      "singular_values": [
        0.6624503135681152,
        0.2375313937664032,
        0.0812373235821724,
        0.05463708937168121,
        0.03788027539849281,
        0.028817258775234222,
        0.02646891586482525,
        0.0228899959474802,
        5.304571004671743e-09,
        4.996833613546414e-09
      ]
    },
    "base_model.model.bert.encoder.layer.2.attention.self.value": {
      "mean_singular_value": 0.0015451647341251373,
      "max_singular_value": 0.861178994178772,
      "rank_95": 1,
      "stable_rank": 1.8546589612960815,
      "singular_values": [
        0.861178994178772,
        0.08696059882640839,
        0.05975105240941048,
        0.04290125146508217,
        0.0406215526163578,
        0.0344008170068264,
        0.03148515522480011,
        0.02938646636903286,
        6.600763935438181e-09,
        5.930824276134672e-09
      ]
    },
    "base_model.model.bert.encoder.layer.3.attention.self.value": {
      "mean_singular_value": 0.0015381240518763661,
      "max_singular_value": 0.7396632432937622,
      "rank_95": 2,
      "stable_rank": 2.3545141220092773,
      "singular_values": [
        0.7396632432937622,
        0.16550907492637634,
        0.09927254170179367,
        0.07325198501348495,
        0.039590831845998764,
        0.023365294560790062,
        0.02156190015375614,
        0.01906382106244564,
        5.07930453252925e-09,
        4.9745243480003865e-09
      ]
    },
    "base_model.model.bert.encoder.layer.4.attention.self.value": {
      "mean_singular_value": 0.001724734902381897,
      "max_singular_value": 0.6443864107131958,
      "rank_95": 3,
      "stable_rank": 3.085993766784668,
      "singular_values": [
        0.6443864107131958,
        0.35121405124664307,
        0.15192727744579315,
        0.05363000929355621,
        0.042745862156152725,
        0.02972162887454033,
        0.026382455602288246,
        0.02458794042468071,
        4.66589122893879e-09,
        4.411146115046449e-09
      ]
    },
    "base_model.model.bert.encoder.layer.5.attention.self.value": {
      "mean_singular_value": 0.0019514599116519094,
      "max_singular_value": 0.7535784840583801,
      "rank_95": 3,
      "stable_rank": 3.014723777770996,
      "singular_values": [
        0.7535784840583801,
        0.34613272547721863,
        0.22551995515823364,
        0.04988124966621399,
        0.041362445801496506,
        0.03126565366983414,
        0.0300404392182827,
        0.020939571782946587,
        5.877416775490474e-09,
        5.662375013315568e-09
      ]
    },
    "base_model.model.bert.encoder.layer.6.attention.self.value": {
      "mean_singular_value": 0.0017646666383370757,
      "max_singular_value": 0.8681946992874146,
      "rank_95": 2,
      "stable_rank": 2.258437395095825,
      "singular_values": [
        0.8681946992874146,
        0.2036491483449936,
        0.10520527511835098,
        0.056376006454229355,
        0.03525117412209511,
        0.033096831291913986,
        0.03056872822344303,
        0.022921254858374596,
        6.2245026910545675e-09,
        6.151936293719018e-09
      ]
    },
    "base_model.model.bert.encoder.layer.7.attention.self.value": {
      "mean_singular_value": 0.0019893134012818336,
      "max_singular_value": 0.9170544743537903,
      "rank_95": 2,
      "stable_rank": 2.328249931335449,
      "singular_values": [
        0.9170544743537903,
        0.38837674260139465,
        0.08054685592651367,
        0.03670693561434746,
        0.034030891954898834,
        0.026411814615130424,
        0.025538142770528793,
        0.019125979393720627,
        6.349213155232292e-09,
        5.8596998364635056e-09
      ]
    },
    "base_model.model.bert.encoder.layer.8.attention.self.value": {
      "mean_singular_value": 0.0020246945787221193,
      "max_singular_value": 1.0403215885162354,
      "rank_95": 2,
      "stable_rank": 2.047497272491455,
      "singular_values": [
        1.0403215885162354,
        0.29513412714004517,
        0.08122747391462326,
        0.05499354749917984,
        0.031619466841220856,
        0.021573549136519432,
        0.015505034476518631,
        0.014589792117476463,
        8.009246599272046e-09,
        7.870583296210043e-09
      ]
    },
    "base_model.model.bert.encoder.layer.9.attention.self.value": {
      "mean_singular_value": 0.0016959646018221974,
      "max_singular_value": 0.7184092402458191,
      "rank_95": 2,
      "stable_rank": 2.415834903717041,
      "singular_values": [
        0.7184092402458191,
        0.42537370324134827,
        0.04882913455367088,
        0.03627438098192215,
        0.027862517163157463,
        0.017885830253362656,
        0.015654804185032845,
        0.012210293672978878,
        5.28707477798207e-09,
        5.046853601697876e-09
      ]
    },
    "base_model.model.bert.encoder.layer.10.attention.self.value": {
      "mean_singular_value": 0.002145971404388547,
      "max_singular_value": 1.0122952461242676,
      "rank_95": 2,
      "stable_rank": 2.3856096267700195,
      "singular_values": [
        1.0122952461242676,
        0.3038114011287689,
        0.09324536472558975,
        0.07657606899738312,
        0.05566863715648651,
        0.0435558557510376,
        0.034656036645174026,
        0.02829662524163723,
        6.104430738673727e-09,
        5.666831892625623e-09
      ]
    },
    "base_model.model.bert.encoder.layer.11.attention.self.value": {
      "mean_singular_value": 0.0023065325804054737,
      "max_singular_value": 1.172277808189392,
      "rank_95": 2,
      "stable_rank": 2.0569801330566406,
      "singular_values": [
        1.172277808189392,
        0.37626615166664124,
        0.06558352708816528,
        0.049319662153720856,
        0.030994277447462082,
        0.028793375939130783,
        0.025090575218200684,
        0.02309073880314827,
        7.821500780380575e-09,
        7.216371056273374e-09
      ]
    }
  }
}