{
  "transfer_accuracy": 0.6813725490196079,
  "svd_analysis": {
    "base_model.model.bert.encoder.layer.0.attention.self.query": {
      "mean_singular_value": 0.003245185362175107,
      "max_singular_value": 1.631442666053772,
      "rank_95": 2,
      "stable_rank": 2.2063732147216797,
      "singular_values": [
        1.631442666053772,
        0.3132297396659851,
        0.15501844882965088,
        0.09516140818595886,
        0.08949684351682663,
        0.07447551190853119,
        0.06969547271728516,
        0.0637812539935112,
        1.0404953343368106e-08,
        9.974966630466042e-09
      ]
    },
    "base_model.model.bert.encoder.layer.1.attention.self.query": {
      "mean_singular_value": 0.0030462860595434904,
      "max_singular_value": 1.2589476108551025,
      "rank_95": 3,
      "stable_rank": 2.9957566261291504,
      "singular_values": [
        1.2589476108551025,
        0.33470019698143005,
        0.2952024042606354,
        0.12661489844322205,
        0.09319494664669037,
        0.08901813626289368,
        0.08226515352725983,
        0.059603165835142136,
        7.893245168588692e-09,
        7.548014657743352e-09
      ]
    },
    "base_model.model.bert.encoder.layer.2.attention.self.query": {
      "mean_singular_value": 0.003469930263236165,
      "max_singular_value": 1.7578383684158325,
      "rank_95": 2,
      "stable_rank": 2.125062942504883,
      "singular_values": [
        1.7578383684158325,
        0.4658735394477844,
        0.10184530913829803,
        0.09770405292510986,
        0.06914003938436508,
        0.06695731729269028,
        0.05998220667243004,
        0.04556400701403618,
        1.148426420627402e-08,
        1.1130361521338727e-08
      ]
    },
    "base_model.model.bert.encoder.layer.3.attention.self.query": {
      "mean_singular_value": 0.0026278235018253326,
      "max_singular_value": 1.2820018529891968,
      "rank_95": 2,
      "stable_rank": 2.2752881050109863,
      "singular_values": [
        1.2820018529891968,
        0.34034666419029236,
        0.11531215161085129,
        0.0906762182712555,
        0.05442068725824356,
        0.05136255919933319,
        0.04870281368494034,
        0.03534442186355591,
        8.490695257989955e-09,
        8.315966582017609e-09
      ]
    },
    "base_model.model.bert.encoder.layer.4.attention.self.query": {
      "mean_singular_value": 0.0030850449111312628,
      "max_singular_value": 1.3586987257003784,
      "rank_95": 2,
      "stable_rank": 2.656743049621582,
      "singular_values": [
        1.3586987257003784,
        0.4386606514453888,
        0.2137996107339859,
        0.10970049351453781,
        0.0904904156923294,
        0.06392852216959,
        0.05229995772242546,
        0.04173479601740837,
        1.0223138779963392e-08,
        9.971315328982655e-09
      ]
    },
    "base_model.model.bert.encoder.layer.5.attention.self.query": {
      "mean_singular_value": 0.0028138309717178345,
      "max_singular_value": 1.0924224853515625,
      "rank_95": 3,
      "stable_rank": 3.1067612171173096,
      "singular_values": [
        1.0924224853515625,
        0.4620071053504944,
        0.26837190985679626,
        0.0945286676287651,
        0.07852605730295181,
        0.06249433010816574,
        0.0557713583111763,
        0.04689930006861687,
        7.695048154232609e-09,
        7.3376922316015225e-09
      ]
    },
    "base_model.model.bert.encoder.layer.6.attention.self.query": {
      "mean_singular_value": 0.0025385692715644836,
      "max_singular_value": 1.3161048889160156,
      "rank_95": 2,
      "stable_rank": 2.0372586250305176,
      "singular_values": [
        1.3161048889160156,
        0.3454239070415497,
        0.06013316661119461,
        0.055685266852378845,
        0.05263031646609306,
        0.045371636748313904,
        0.03768162429332733,
        0.0365893729031086,
        9.42972810946685e-09,
        9.08657327158835e-09
      ]
    },
    "base_model.model.bert.encoder.layer.7.attention.self.query": {
      "mean_singular_value": 0.003062822623178363,
      "max_singular_value": 1.5241506099700928,
      "rank_95": 2,
      "stable_rank": 2.1417863368988037,
      "singular_values": [
        1.5241506099700928,
        0.48770686984062195,
        0.10273095965385437,
        0.06534465402364731,
        0.05359438806772232,
        0.046732522547245026,
        0.03957955166697502,
        0.03240660950541496,
        1.0211005374571869e-08,
        1.0078094803134263e-08
      ]
    },
    "base_model.model.bert.encoder.layer.8.attention.self.query": {
      "mean_singular_value": 0.003991694655269384,
      "max_singular_value": 1.3361064195632935,
      "rank_95": 3,
      "stable_rank": 3.2340219020843506,
      "singular_values": [
        1.3361064195632935,
        0.950979471206665,
        0.4354552626609802,
        0.11490654945373535,
        0.07479721307754517,
        0.05853576585650444,
        0.05465841293334961,
        0.04018076881766319,
        9.669528289180107e-09,
        9.469339090628637e-09
      ]
    },
    "base_model.model.bert.encoder.layer.9.attention.self.query": {
      "mean_singular_value": 0.00502681965008378,
      "max_singular_value": 2.244229793548584,
      "rank_95": 2,
      "stable_rank": 2.4974148273468018,
      "singular_values": [
        2.244229793548584,
        0.8406245112419128,
        0.44646647572517395,
        0.11365572363138199,
        0.07118335366249084,
        0.06080262362957001,
        0.049823395907878876,
        0.03380972146987915,
        1.523752146681545e-08,
        1.432587293237475e-08
      ]
    },
    "base_model.model.bert.encoder.layer.10.attention.self.query": {
      "mean_singular_value": 0.004809281323105097,
      "max_singular_value": 2.2967395782470703,
      "rank_95": 2,
      "stable_rank": 2.271646499633789,
      "singular_values": [
        2.2967395782470703,
        0.7742025852203369,
        0.3289823532104492,
        0.11951883137226105,
        0.06403219699859619,
        0.04689883440732956,
        0.04135872796177864,
        0.02179301343858242,
        1.3020139633113104e-08,
        1.290937845510598e-08
      ]
    },
    "base_model.model.bert.encoder.layer.11.attention.self.query": {
      "mean_singular_value": 0.004692890215665102,
      "max_singular_value": 2.1060373783111572,
      "rank_95": 2,
      "stable_rank": 2.073218822479248,
      "singular_values": [
        2.1060373783111572,
        1.3502886295318604,
        0.07278764247894287,
        0.03316986560821533,
        0.013935569673776627,
        0.011206746101379395,
        0.009556243196129799,
        0.00715531874448061,
        1.3866855219646368e-08,
        1.2852239272831412e-08
      ]
    }
  }
}