{
  "transfer_accuracy": 0.7034313725490197,
  "svd_analysis": {
    "base_model.model.bert.encoder.layer.0.attention.self.value": {
      "mean_singular_value": 0.00233569392003119,
      "max_singular_value": 0.8009939193725586,
      "rank_95": 3,
      "stable_rank": 3.6091134548187256,
      "singular_values": [
        0.8009939193725586,
        0.3788071870803833,
        0.2904304265975952,
        0.0917348712682724,
        0.0680820569396019,
        0.06383876502513885,
        0.05243378505110741,
        0.047491081058979034,
        4.7377288758809755e-09,
        4.624972849143205e-09
      ]
    },
    "base_model.model.bert.encoder.layer.1.attention.self.value": {
      "mean_singular_value": 0.001429805881343782,
      "max_singular_value": 0.6557959318161011,
      "rank_95": 2,
      "stable_rank": 2.4048330783843994,
      "singular_values": [
        0.6557959318161011,
        0.25474005937576294,
        0.0472802072763443,
        0.04049515724182129,
        0.029422903433442116,
        0.027219126001000404,
        0.02577233500778675,
        0.017364587634801865,
        4.678707643535063e-09,
        4.592422442328825e-09
      ]
    },
    "base_model.model.bert.encoder.layer.2.attention.self.value": {
      "mean_singular_value": 0.001490053255110979,
      "max_singular_value": 0.8108161687850952,
      "rank_95": 1,
      "stable_rank": 1.9245073795318604,
      "singular_values": [
        0.8108161687850952,
        0.12456239759922028,
        0.04407763481140137,
        0.04031655564904213,
        0.03803488239645958,
        0.031952131539583206,
        0.027967147529125214,
        0.026633288711309433,
        5.6121618463578216e-09,
        4.996592029016256e-09
      ]
    },
    "base_model.model.bert.encoder.layer.3.attention.self.value": {
      "mean_singular_value": 0.0012394324876368046,
      "max_singular_value": 0.561079204082489,
      "rank_95": 2,
      "stable_rank": 2.4871668815612793,
      "singular_values": [
        0.561079204082489,
        0.20705890655517578,
        0.05302707105875015,
        0.04183626174926758,
        0.02802508883178234,
        0.024646703153848648,
        0.020297009497880936,
        0.01591341942548752,
        4.1801642147731854e-09,
        3.932314474042187e-09
      ]
    },
    "base_model.model.bert.encoder.layer.4.attention.self.value": {
      "mean_singular_value": 0.001495754229836166,
      "max_singular_value": 0.6789166927337646,
      "rank_95": 2,
      "stable_rank": 2.5361762046813965,
      "singular_values": [
        0.6789166927337646,
        0.21125882863998413,
        0.08758333325386047,
        0.06477795541286469,
        0.03139232099056244,
        0.029740922152996063,
        0.02313585951924324,
        0.021932832896709442,
        4.831113731285086e-09,
        4.522165752973706e-09
      ]
    },
    "base_model.model.bert.encoder.layer.5.attention.self.value": {
      "mean_singular_value": 0.001613310887478292,
      "max_singular_value": 0.7870110273361206,
      "rank_95": 2,
      "stable_rank": 2.2420477867126465,
      "singular_values": [
        0.7870110273361206,
        0.23354782164096832,
        0.08371635526418686,
        0.03351356089115143,
        0.030362015590071678,
        0.027938859537243843,
        0.025619393214583397,
        0.017313068732619286,
        5.5559286060713475e-09,
        5.343197440055292e-09
      ]
    },
    "base_model.model.bert.encoder.layer.6.attention.self.value": {
      "mean_singular_value": 0.001943933661095798,
      "max_singular_value": 0.9041496515274048,
      "rank_95": 2,
      "stable_rank": 2.4446773529052734,
      "singular_values": [
        0.9041496515274048,
        0.2434837520122528,
        0.16703878343105316,
        0.054292213171720505,
        0.0426739938557148,
        0.032837819308042526,
        0.028131207451224327,
        0.02033277414739132,
        6.5287806272351645e-09,
        6.378098493797779e-09
      ]
    },
    "base_model.model.bert.encoder.layer.7.attention.self.value": {
      "mean_singular_value": 0.002062178449705243,
      "max_singular_value": 0.9206772446632385,
      "rank_95": 2,
      "stable_rank": 2.5409464836120605,
      "singular_values": [
        0.9206772446632385,
        0.317936509847641,
        0.17376501858234406,
        0.07451988011598587,
        0.038665805011987686,
        0.023770611733198166,
        0.01959087699651718,
        0.014826242811977863,
        6.263752627688746e-09,
        6.031112498305902e-09
      ]
    },
    "base_model.model.bert.encoder.layer.8.attention.self.value": {
      "mean_singular_value": 0.001674327882938087,
      "max_singular_value": 0.9032467007637024,
      "rank_95": 2,
      "stable_rank": 1.9111814498901367,
      "singular_values": [
        0.9032467007637024,
        0.20236410200595856,
        0.07256784290075302,
        0.04501969739794731,
        0.02332124672830105,
        0.015568342991173267,
        0.012911786325275898,
        0.010883287526667118,
        6.0286931002906385e-09,
        5.8616400622213405e-09
      ]
    },
    "base_model.model.bert.encoder.layer.9.attention.self.value": {
      "mean_singular_value": 0.0018556533614173532,
      "max_singular_value": 0.6551339030265808,
      "rank_95": 2,
      "stable_rank": 2.9166417121887207,
      "singular_values": [
        0.6551339030265808,
        0.4950268864631653,
        0.1285066306591034,
        0.05709188058972359,
        0.036816567182540894,
        0.023661967366933823,
        0.014886331744492054,
        0.014016770757734776,
        5.310865525132158e-09,
        4.930917896217579e-09
      ]
    },
    "base_model.model.bert.encoder.layer.10.attention.self.value": {
      "mean_singular_value": 0.002175745787099004,
      "max_singular_value": 1.041311264038086,
      "rank_95": 2,
      "stable_rank": 2.384706735610962,
      "singular_values": [
        1.041311264038086,
        0.23765507340431213,
        0.1068541407585144,
        0.09539199620485306,
        0.062370240688323975,
        0.053570784628391266,
        0.04169902577996254,
        0.0321195088326931,
        6.6499610262837905e-09,
        6.436111643637332e-09
      ]
    },
    "base_model.model.bert.encoder.layer.11.attention.self.value": {
      "mean_singular_value": 0.0024586799554526806,
      "max_singular_value": 1.3309752941131592,
      "rank_95": 2,
      "stable_rank": 1.9009549617767334,
      "singular_values": [
        1.3309752941131592,
        0.30179524421691895,
        0.07369828224182129,
        0.06109723448753357,
        0.042612478137016296,
        0.03176814690232277,
        0.026669353246688843,
        0.01964900642633438,
        9.38939148653617e-09,
        8.661348083194298e-09
      ]
    }
  }
}