{
  "transfer_accuracy": 0.6887254901960784,
  "svd_analysis": {
    "base_model.model.bert.encoder.layer.0.attention.self.value": {
      "mean_singular_value": 0.002274532336741686,
      "max_singular_value": 0.7677271366119385,
      "rank_95": 3,
      "stable_rank": 3.581634283065796,
      "singular_values": [
        0.7677271366119385,
        0.44548407196998596,
        0.19067497551441193,
        0.12228834629058838,
        0.07528099417686462,
        0.05575049668550491,
        0.04673609510064125,
        0.04289797693490982,
        5.513142387059133e-09,
        4.9781729849485146e-09
      ]
    },
    "base_model.model.bert.encoder.layer.1.attention.self.value": {
      "mean_singular_value": 0.001898831338621676,
      "max_singular_value": 0.6027684807777405,
      "rank_95": 3,
      "stable_rank": 3.844526767730713,
      "singular_values": [
        0.6027684807777405,
        0.3199024200439453,
        0.25815898180007935,
        0.11231553554534912,
        0.07213271409273148,
        0.038081176578998566,
        0.03343391418457031,
        0.021508747711777687,
        4.509705942012943e-09,
        4.355741989314765e-09
      ]
    },
    "base_model.model.bert.encoder.layer.2.attention.self.value": {
      "mean_singular_value": 0.0015230084536597133,
      "max_singular_value": 0.7908850312232971,
      "rank_95": 1,
      "stable_rank": 2.0819661617279053,
      "singular_values": [
        0.7908850312232971,
        0.146946519613266,
        0.06662516295909882,
        0.04085704684257507,
        0.03751189634203911,
        0.03103267215192318,
        0.02947303280234337,
        0.026338467374444008,
        5.537075242756373e-09,
        5.3611319827950865e-09
      ]
    },
    "base_model.model.bert.encoder.layer.3.attention.self.value": {
      "mean_singular_value": 0.0013067381223663688,
      "max_singular_value": 0.5904168486595154,
      "rank_95": 2,
      "stable_rank": 2.5598366260528564,
      "singular_values": [
        0.5904168486595154,
        0.18524909019470215,
        0.06944887340068817,
        0.04877087101340294,
        0.04175851121544838,
        0.028330061584711075,
        0.02160189114511013,
        0.01799815520644188,
        4.174559808944878e-09,
        3.8513028322029186e-09
      ]
    },
    "base_model.model.bert.encoder.layer.4.attention.self.value": {
      "mean_singular_value": 0.001667338889092207,
      "max_singular_value": 0.5436636209487915,
      "rank_95": 3,
      "stable_rank": 3.501481771469116,
      "singular_values": [
        0.5436636209487915,
        0.3856114149093628,
        0.10579989850521088,
        0.06929938495159149,
        0.05525697022676468,
        0.04502424970269203,
        0.04399038478732109,
        0.031869709491729736,
        3.945736626320695e-09,
        3.911757584518227e-09
      ]
    },
    "base_model.model.bert.encoder.layer.5.attention.self.value": {
      "mean_singular_value": 0.001936169806867838,
      "max_singular_value": 0.8456124663352966,
      "rank_95": 2,
      "stable_rank": 2.525346517562866,
      "singular_values": [
        0.8456124663352966,
        0.3725697696208954,
        0.13078917562961578,
        0.051956746727228165,
        0.025629619136452675,
        0.022278256714344025,
        0.02133876271545887,
        0.016802839934825897,
        6.571144961498021e-09,
        5.784920986684483e-09
      ]
    },
    "base_model.model.bert.encoder.layer.6.attention.self.value": {
      "mean_singular_value": 0.001716252532787621,
      "max_singular_value": 0.6329473257064819,
      "rank_95": 3,
      "stable_rank": 3.1695353984832764,
      "singular_values": [
        0.6329473257064819,
        0.33203572034835815,
        0.16953898966312408,
        0.07361619174480438,
        0.0344688706099987,
        0.028163474053144455,
        0.02503562904894352,
        0.02227521687746048,
        4.956384636045641e-09,
        4.8090438298231675e-09
      ]
    },
    "base_model.model.bert.encoder.layer.7.attention.self.value": {
      "mean_singular_value": 0.0017969418549910188,
      "max_singular_value": 1.0172291994094849,
      "rank_95": 1,
      "stable_rank": 1.7710334062576294,
      "singular_values": [
        1.0172291994094849,
        0.18708719313144684,
        0.0433247871696949,
        0.0358702726662159,
        0.03138785809278488,
        0.028113292530179024,
        0.01964399591088295,
        0.017393918707966805,
        7.2007106943772214e-09,
        6.839089294885525e-09
      ]
    },
    "base_model.model.bert.encoder.layer.8.attention.self.value": {
      "mean_singular_value": 0.001858664327301085,
      "max_singular_value": 0.9057412147521973,
      "rank_95": 2,
      "stable_rank": 2.1842029094696045,
      "singular_values": [
        0.9057412147521973,
        0.31977471709251404,
        0.08059559017419815,
        0.046560369431972504,
        0.028343074023723602,
        0.022381773218512535,
        0.014465169981122017,
        0.009591485373675823,
        5.747441633729977e-09,
        5.6071653986577985e-09
      ]
    },
    "base_model.model.bert.encoder.layer.9.attention.self.value": {
      "mean_singular_value": 0.0020005139522254467,
      "max_singular_value": 0.7616366147994995,
      "rank_95": 2,
      "stable_rank": 2.637829542160034,
      "singular_values": [
        0.7616366147994995,
        0.5504857897758484,
        0.08004610985517502,
        0.0574626587331295,
        0.02926013246178627,
        0.02601579949259758,
        0.017291173338890076,
        0.014195606112480164,
        5.370711875229972e-09,
        5.173545591929951e-09
      ]
    },
    "base_model.model.bert.encoder.layer.10.attention.self.value": {
      "mean_singular_value": 0.0022846360225230455,
      "max_singular_value": 1.1375374794006348,
      "rank_95": 2,
      "stable_rank": 2.2410004138946533,
      "singular_values": [
        1.1375374794006348,
        0.22648809850215912,
        0.09861115366220474,
        0.08789367973804474,
        0.06895608454942703,
        0.05573660880327225,
        0.0429905541241169,
        0.036385852843523026,
        7.354778563950504e-09,
        7.063063467427355e-09
      ]
    },
    "base_model.model.bert.encoder.layer.11.attention.self.value": {
      "mean_singular_value": 0.0024585863575339317,
      "max_singular_value": 1.3222877979278564,
      "rank_95": 2,
      "stable_rank": 1.9209948778152466,
      "singular_values": [
        1.3222877979278564,
        0.30885598063468933,
        0.06473172456026077,
        0.05279624089598656,
        0.046508707106113434,
        0.038833923637866974,
        0.027435168623924255,
        0.02674383670091629,
        8.372111004462113e-09,
        7.74098118938582e-09
      ]
    }
  }
}