{
  "transfer_accuracy": 0.6813725490196079,
  "svd_analysis": {
    "base_model.model.bert.encoder.layer.0.attention.self.query": {
      "mean_singular_value": 0.0032596385572105646,
      "max_singular_value": 1.7816028594970703,
      "rank_95": 1,
      "stable_rank": 1.9199483394622803,
      "singular_values": [
        1.7816028594970703,
        0.20787957310676575,
        0.12326478213071823,
        0.10453636199235916,
        0.08045899868011475,
        0.07813505828380585,
        0.06581149250268936,
        0.06171161308884621,
        1.1720188375363705e-08,
        1.136664895540207e-08
      ]
    },
    "base_model.model.bert.encoder.layer.1.attention.self.query": {
      "mean_singular_value": 0.0031142663210630417,
      "max_singular_value": 1.239911675453186,
      "rank_95": 3,
      "stable_rank": 3.1080684661865234,
      "singular_values": [
        1.239911675453186,
        0.44922077655792236,
        0.23200881481170654,
        0.1342649757862091,
        0.1133069097995758,
        0.08038830012083054,
        0.07455707341432571,
        0.06809698045253754,
        9.122034683173297e-09,
        8.367998738378901e-09
      ]
    },
    "base_model.model.bert.encoder.layer.2.attention.self.query": {
      "mean_singular_value": 0.003306945553049445,
      "max_singular_value": 1.2479099035263062,
      "rank_95": 2,
      "stable_rank": 3.2520854473114014,
      "singular_values": [
        1.2479099035263062,
        0.5757123231887817,
        0.190516859292984,
        0.14559687674045563,
        0.12027107179164886,
        0.09826420992612839,
        0.08544463664293289,
        0.07601732015609741,
        9.219285779238362e-09,
        8.616861890686778e-09
      ]
    },
    "base_model.model.bert.encoder.layer.3.attention.self.query": {
      "mean_singular_value": 0.002397063886746764,
      "max_singular_value": 1.4013962745666504,
      "rank_95": 1,
      "stable_rank": 1.6909441947937012,
      "singular_values": [
        1.4013962745666504,
        0.1659398227930069,
        0.05684520676732063,
        0.05137145146727562,
        0.04699844494462013,
        0.044433508068323135,
        0.039808470755815506,
        0.03415090590715408,
        9.778025500395415e-09,
        8.957099062456564e-09
      ]
    },
    "base_model.model.bert.encoder.layer.4.attention.self.query": {
      "mean_singular_value": 0.00294677191413939,
      "max_singular_value": 1.0623700618743896,
      "rank_95": 2,
      "stable_rank": 3.236673355102539,
      "singular_values": [
        1.0623700618743896,
        0.6182896494865417,
        0.19975009560585022,
        0.10975499451160431,
        0.08544621616601944,
        0.07836568355560303,
        0.06307045370340347,
        0.046072669327259064,
        7.642113608596901e-09,
        7.137338275953198e-09
      ]
    },
    "base_model.model.bert.encoder.layer.5.attention.self.query": {
      "mean_singular_value": 0.0024115245323628187,
      "max_singular_value": 1.1126396656036377,
      "rank_95": 2,
      "stable_rank": 2.491576910018921,
      "singular_values": [
        1.1126396656036377,
        0.3258521556854248,
        0.10554017871618271,
        0.09347926825284958,
        0.07590468227863312,
        0.06400515139102936,
        0.03937733545899391,
        0.0352514386177063,
        7.533336621179387e-09,
        7.437020776990266e-09
      ]
    },
    "base_model.model.bert.encoder.layer.6.attention.self.query": {
      "mean_singular_value": 0.002867748960852623,
      "max_singular_value": 1.3382588624954224,
      "rank_95": 2,
      "stable_rank": 2.2687745094299316,
      "singular_values": [
        1.3382588624954224,
        0.5762720108032227,
        0.07251007854938507,
        0.05750154331326485,
        0.04872487857937813,
        0.043732061982154846,
        0.03497523069381714,
        0.030455488711595535,
        9.801538247700137e-09,
        8.122680306144048e-09
      ]
    },
    "base_model.model.bert.encoder.layer.7.attention.self.query": {
      "mean_singular_value": 0.0037498578894883394,
      "max_singular_value": 1.5280749797821045,
      "rank_95": 3,
      "stable_rank": 2.845388889312744,
      "singular_values": [
        1.5280749797821045,
        0.590869665145874,
        0.45559200644493103,
        0.10343939065933228,
        0.08865311741828918,
        0.04554271325469017,
        0.04337022081017494,
        0.024347225204110146,
        9.900023023590165e-09,
        9.766976560854346e-09
      ]
    },
    "base_model.model.bert.encoder.layer.8.attention.self.query": {
      "mean_singular_value": 0.0029435912147164345,
      "max_singular_value": 1.4653944969177246,
      "rank_95": 2,
      "stable_rank": 2.1571462154388428,
      "singular_values": [
        1.4653944969177246,
        0.3953040838241577,
        0.24468493461608887,
        0.0488194040954113,
        0.0408155620098114,
        0.03254145011305809,
        0.01821073889732361,
        0.014906308613717556,
        1.2459471676606881e-08,
        1.0079943990604079e-08
      ]
    },
    "base_model.model.bert.encoder.layer.9.attention.self.query": {
      "mean_singular_value": 0.004619473125785589,
      "max_singular_value": 1.7035874128341675,
      "rank_95": 2,
      "stable_rank": 2.770301103591919,
      "singular_values": [
        1.7035874128341675,
        1.2175564765930176,
        0.3679226338863373,
        0.1399252563714981,
        0.039621807634830475,
        0.034297652542591095,
        0.02697562985122204,
        0.01786673627793789,
        1.0767235991693269e-08,
        1.0563327101920095e-08
      ]
    },
    "base_model.model.bert.encoder.layer.10.attention.self.query": {
      "mean_singular_value": 0.005395025014877319,
      "max_singular_value": 2.2977349758148193,
      "rank_95": 2,
      "stable_rank": 2.519674301147461,
      "singular_values": [
        2.2977349758148193,
        1.1816425323486328,
        0.3291914761066437,
        0.13469859957695007,
        0.07169591635465622,
        0.05883072689175606,
        0.03784148767590523,
        0.03174135088920593,
        1.6481633835496723e-08,
        1.5735334812916335e-08
      ]
    },
    "base_model.model.bert.encoder.layer.11.attention.self.query": {
      "mean_singular_value": 0.0043695056810975075,
      "max_singular_value": 2.5013699531555176,
      "rank_95": 2,
      "stable_rank": 1.6478266716003418,
      "singular_values": [
        2.5013699531555176,
        0.7584323883056641,
        0.031027840450406075,
        0.02172709070146084,
        0.015367140993475914,
        0.011503360234200954,
        0.008683945052325726,
        0.007666533812880516,
        1.560325202376589e-08,
        1.4840274786820373e-08
      ]
    }
  }
}