{
  "transfer_accuracy": 0.6813725490196079,
  "svd_analysis": {
    "base_model.model.bert.encoder.layer.0.attention.self.query": {
      "mean_singular_value": 0.003135804319754243,
      "max_singular_value": 1.0905261039733887,
      "rank_95": 2,
      "stable_rank": 3.2189888954162598,
      "singular_values": [
        1.0905261039733887,
        0.7459306716918945,
        0.11976063996553421,
        0.10681603848934174,
        0.1019582748413086,
        0.09041476249694824,
        0.08373773843050003,
        0.0691523626446724,
        8.755313807284892e-09,
        7.937821955295021e-09
      ]
    },
    "base_model.model.bert.encoder.layer.1.attention.self.query": {
      "mean_singular_value": 0.0031578904017806053,
      "max_singular_value": 1.2405548095703125,
      "rank_95": 3,
      "stable_rank": 3.2329280376434326,
      "singular_values": [
        1.2405548095703125,
        0.393802672624588,
        0.24097678065299988,
        0.1691012978553772,
        0.11898050457239151,
        0.11769422143697739,
        0.08321692794561386,
        0.06093169376254082,
        8.20406675927643e-09,
        7.661210332798873e-09
      ]
    },
    "base_model.model.bert.encoder.layer.2.attention.self.query": {
      "mean_singular_value": 0.0035135417710989714,
      "max_singular_value": 1.4771336317062378,
      "rank_95": 2,
      "stable_rank": 2.6071553230285645,
      "singular_values": [
        1.4771336317062378,
        0.7554128170013428,
        0.11995375156402588,
        0.1030263602733612,
        0.07883117347955704,
        0.059567611664533615,
        0.05682335048913956,
        0.04764978587627411,
        1.0323773835807515e-08,
        9.663056133035752e-09
      ]
    },
    "base_model.model.bert.encoder.layer.3.attention.self.query": {
      "mean_singular_value": 0.002934760181233287,
      "max_singular_value": 1.2711586952209473,
      "rank_95": 2,
      "stable_rank": 2.69051456451416,
      "singular_values": [
        1.2711586952209473,
        0.4477567672729492,
        0.22642339766025543,
        0.08970992267131805,
        0.07083990424871445,
        0.059030089527368546,
        0.04800618812441826,
        0.04096972197294235,
        7.929507717108208e-09,
        7.61602336751821e-09
      ]
    },
    "base_model.model.bert.encoder.layer.4.attention.self.query": {
      "mean_singular_value": 0.002806408330798149,
      "max_singular_value": 1.5365508794784546,
      "rank_95": 1,
      "stable_rank": 1.897308349609375,
      "singular_values": [
        1.5365508794784546,
        0.24213212728500366,
        0.12329702079296112,
        0.06902675330638885,
        0.05585957318544388,
        0.051515646278858185,
        0.04569058492779732,
        0.031247815117239952,
        9.16488307467489e-09,
        8.891097635910228e-09
      ]
    },
    "base_model.model.bert.encoder.layer.5.attention.self.query": {
      "mean_singular_value": 0.002845022128894925,
      "max_singular_value": 1.2831900119781494,
      "rank_95": 2,
      "stable_rank": 2.453974485397339,
      "singular_values": [
        1.2831900119781494,
        0.5179243087768555,
        0.12086676061153412,
        0.09248603135347366,
        0.05346550792455673,
        0.04328019171953201,
        0.04070951044559479,
        0.03305376321077347,
        7.948917080113915e-09,
        7.573153659734544e-09
      ]
    },
    "base_model.model.bert.encoder.layer.6.attention.self.query": {
      "mean_singular_value": 0.002780237002298236,
      "max_singular_value": 1.2996444702148438,
      "rank_95": 2,
      "stable_rank": 2.384817123413086,
      "singular_values": [
        1.2996444702148438,
        0.43733274936676025,
        0.12106828391551971,
        0.08241827040910721,
        0.06039100140333176,
        0.055761128664016724,
        0.046973489224910736,
        0.03163156658411026,
        9.29896426526966e-09,
        8.947005802895092e-09
      ]
    },
    "base_model.model.bert.encoder.layer.7.attention.self.query": {
      "mean_singular_value": 0.0027883865404874086,
      "max_singular_value": 1.3521634340286255,
      "rank_95": 2,
      "stable_rank": 2.2775425910949707,
      "singular_values": [
        1.3521634340286255,
        0.37730759382247925,
        0.1735754758119583,
        0.06835532188415527,
        0.06287796795368195,
        0.048629507422447205,
        0.031026938930153847,
        0.027543550357222557,
        8.35351698924569e-09,
        8.165464748799423e-09
      ]
    },
    "base_model.model.bert.encoder.layer.8.attention.self.query": {
      "mean_singular_value": 0.002959662117063999,
      "max_singular_value": 1.6976921558380127,
      "rank_95": 1,
      "stable_rank": 1.7240078449249268,
      "singular_values": [
        1.6976921558380127,
        0.3074256181716919,
        0.11757752299308777,
        0.06564920395612717,
        0.03465347737073898,
        0.020874962210655212,
        0.015524739399552345,
        0.013621197082102299,
        1.146640560278911e-08,
        1.1345786532501734e-08
      ]
    },
    "base_model.model.bert.encoder.layer.9.attention.self.query": {
      "mean_singular_value": 0.005011669360101223,
      "max_singular_value": 2.062955379486084,
      "rank_95": 2,
      "stable_rank": 2.4777657985687256,
      "singular_values": [
        2.062955379486084,
        1.278141975402832,
        0.27775076031684875,
        0.07811004668474197,
        0.05380626395344734,
        0.04278595745563507,
        0.03215537220239639,
        0.023254496976733208,
        1.5417763066238876e-08,
        1.5292489052853853e-08
      ]
    },
    "base_model.model.bert.encoder.layer.10.attention.self.query": {
      "mean_singular_value": 0.005470993462949991,
      "max_singular_value": 2.053499937057495,
      "rank_95": 2,
      "stable_rank": 2.659696340560913,
      "singular_values": [
        2.053499937057495,
        1.515561580657959,
        0.2926395535469055,
        0.1722799837589264,
        0.07549499720335007,
        0.037697359919548035,
        0.03287642076611519,
        0.021671300753951073,
        1.6189238394304084e-08,
        1.5904394246035736e-08
      ]
    },
    "base_model.model.bert.encoder.layer.11.attention.self.query": {
      "mean_singular_value": 0.0049126422964036465,
      "max_singular_value": 1.9144991636276245,
      "rank_95": 2,
      "stable_rank": 2.1953330039978027,
      "singular_values": [
        1.9144991636276245,
        1.676010251045227,
        0.08840129524469376,
        0.028628220781683922,
        0.02423023246228695,
        0.01764746941626072,
        0.014183927327394485,
        0.009306561201810837,
        1.399820614977898e-08,
        1.3827203382277276e-08
      ]
    }
  }
}