{
  "transfer_accuracy": 0.6813725490196079,
  "svd_analysis": {
    "base_model.model.bert.encoder.layer.0.attention.self.query": {
      "mean_singular_value": 0.006876460742205381,
      "max_singular_value": 3.3874869346618652,
      "rank_95": 1,
      "stable_rank": 2.332822799682617,
      "singular_values": [
        3.3874869346618652,
        0.5788601040840149,
        0.19679515063762665,
        0.1475696563720703,
        0.13127018511295319,
        0.113107830286026,
        0.0985105037689209,
        0.08982602506875992,
        0.0862589031457901,
        0.07809639722108841
      ]
    },
    "base_model.model.bert.encoder.layer.1.attention.self.query": {
      "mean_singular_value": 0.0057365782558918,
      "max_singular_value": 1.9496039152145386,
      "rank_95": 3,
      "stable_rank": 4.31019926071167,
      "singular_values": [
        1.9496039152145386,
        0.6273935437202454,
        0.3161041736602783,
        0.23972314596176147,
        0.18586044013500214,
        0.1593467891216278,
        0.13376255333423615,
        0.12759478390216827,
        0.1012270450592041,
        0.0994701236486435
      ]
    },
    "base_model.model.bert.encoder.layer.2.attention.self.query": {
      "mean_singular_value": 0.006646786350756884,
      "max_singular_value": 1.9964005947113037,
      "rank_95": 2,
      "stable_rank": 4.141980171203613,
      "singular_values": [
        1.9964005947113037,
        1.431143045425415,
        0.28673890233039856,
        0.22010453045368195,
        0.18248330056667328,
        0.12327312678098679,
        0.12177616357803345,
        0.1056474968791008,
        0.09815004467964172,
        0.09676460921764374
      ]
    },
    "base_model.model.bert.encoder.layer.3.attention.self.query": {
      "mean_singular_value": 0.00510396808385849,
      "max_singular_value": 1.7708500623703003,
      "rank_95": 3,
      "stable_rank": 3.9769856929779053,
      "singular_values": [
        1.7708500623703003,
        0.7310539484024048,
        0.25024521350860596,
        0.19630436599254608,
        0.15329721570014954,
        0.1290164440870285,
        0.10792919993400574,
        0.09384136646986008,
        0.08800476789474487,
        0.07598502188920975
      ]
    },
    "base_model.model.bert.encoder.layer.4.attention.self.query": {
      "mean_singular_value": 0.005866682156920433,
      "max_singular_value": 2.76878023147583,
      "rank_95": 2,
      "stable_rank": 2.4727582931518555,
      "singular_values": [
        2.76878023147583,
        0.6551928520202637,
        0.20799069106578827,
        0.13524208962917328,
        0.11473339051008224,
        0.09972382336854935,
        0.08073404431343079,
        0.06769225746393204,
        0.06006185710430145,
        0.058597832918167114
      ]
    },
    "base_model.model.bert.encoder.layer.5.attention.self.query": {
      "mean_singular_value": 0.005060889292508364,
      "max_singular_value": 2.186241388320923,
      "rank_95": 2,
      "stable_rank": 2.899225950241089,
      "singular_values": [
        2.186241388320923,
        0.521679699420929,
        0.25607287883758545,
        0.18777529895305634,
        0.15031053125858307,
        0.10245588421821594,
        0.07235639542341232,
        0.06407786905765533,
        0.05955032631754875,
        0.051908064633607864
      ]
    },
    "base_model.model.bert.encoder.layer.6.attention.self.query": {
      "mean_singular_value": 0.005020953714847565,
      "max_singular_value": 2.411813735961914,
      "rank_95": 2,
      "stable_rank": 2.327740430831909,
      "singular_values": [
        2.411813735961914,
        0.7267459630966187,
        0.09631504118442535,
        0.08507755398750305,
        0.07559815049171448,
        0.06639908254146576,
        0.05378212034702301,
        0.05146191269159317,
        0.046073008328676224,
        0.04232386499643326
      ]
    },
    "base_model.model.bert.encoder.layer.7.attention.self.query": {
      "mean_singular_value": 0.006309887394309044,
      "max_singular_value": 3.164027452468872,
      "rank_95": 2,
      "stable_rank": 2.219728708267212,
      "singular_values": [
        3.164027452468872,
        0.6023509502410889,
        0.3872726857662201,
        0.16375978291034698,
        0.090359166264534,
        0.08169426023960114,
        0.056736886501312256,
        0.0532941073179245,
        0.04309435188770294,
        0.037731289863586426
      ]
    },
    "base_model.model.bert.encoder.layer.8.attention.self.query": {
      "mean_singular_value": 0.006608330179005861,
      "max_singular_value": 3.0374321937561035,
      "rank_95": 2,
      "stable_rank": 2.3701984882354736,
      "singular_values": [
        3.0374321937561035,
        1.2400354146957397,
        0.26509061455726624,
        0.12273507565259933,
        0.08105125278234482,
        0.056049175560474396,
        0.046638693660497665,
        0.04213569313287735,
        0.0371023565530777,
        0.027290640398859978
      ]
    },
    "base_model.model.bert.encoder.layer.9.attention.self.query": {
      "mean_singular_value": 0.010208788327872753,
      "max_singular_value": 4.194263458251953,
      "rank_95": 3,
      "stable_rank": 2.842339277267456,
      "singular_values": [
        4.194263458251953,
        1.4221056699752808,
        1.3957970142364502,
        0.13379353284835815,
        0.10265333205461502,
        0.08806437253952026,
        0.07865232974290848,
        0.07230176031589508,
        0.06666961312294006,
        0.06111582741141319
      ]
    },
    "base_model.model.bert.encoder.layer.10.attention.self.query": {
      "mean_singular_value": 0.009270894341170788,
      "max_singular_value": 4.062963962554932,
      "rank_95": 2,
      "stable_rank": 2.5581324100494385,
      "singular_values": [
        4.062963962554932,
        1.656869649887085,
        0.7169884443283081,
        0.137405127286911,
        0.0964057669043541,
        0.07892013341188431,
        0.06716515123844147,
        0.05029066279530525,
        0.04932922124862671,
        0.04313170909881592
      ]
    },
    "base_model.model.bert.encoder.layer.11.attention.self.query": {
      "mean_singular_value": 0.009107427671551704,
      "max_singular_value": 3.84093976020813,
      "rank_95": 2,
      "stable_rank": 2.204993724822998,
      "singular_values": [
        3.84093976020813,
        2.7218592166900635,
        0.10409529507160187,
        0.08663011342287064,
        0.06429676711559296,
        0.032916828989982605,
        0.02825729362666607,
        0.024559514597058296,
        0.01661079004406929,
        0.01456732489168644
      ]
    }
  }
}