{
  "transfer_accuracy": 0.678921568627451,
  "svd_analysis": {
    "base_model.model.bert.encoder.layer.0.attention.self.query": {
      "mean_singular_value": 0.006552705075591803,
      "max_singular_value": 2.0583455562591553,
      "rank_95": 2,
      "stable_rank": 4.003177165985107,
      "singular_values": [
        2.0583455562591553,
        1.364645004272461,
        0.2742665708065033,
        0.19469384849071503,
        0.13939963281154633,
        0.12683217227458954,
        0.11240650713443756,
        0.10475833714008331,
        0.09873325377702713,
        0.09614197909832001
      ]
    },
    "base_model.model.bert.encoder.layer.1.attention.self.query": {
      "mean_singular_value": 0.006358487065881491,
      "max_singular_value": 2.549966812133789,
      "rank_95": 2,
      "stable_rank": 3.1764492988586426,
      "singular_values": [
        2.549966812133789,
        0.904207170009613,
        0.2736065685749054,
        0.14136432111263275,
        0.13757795095443726,
        0.11216995865106583,
        0.10668700188398361,
        0.0910784974694252,
        0.09024550020694733,
        0.08550124615430832
      ]
    },
    "base_model.model.bert.encoder.layer.2.attention.self.query": {
      "mean_singular_value": 0.006317412946373224,
      "max_singular_value": 1.7912689447402954,
      "rank_95": 3,
      "stable_rank": 4.596769332885742,
      "singular_values": [
        1.7912689447402954,
        1.2364872694015503,
        0.46912404894828796,
        0.18897244334220886,
        0.16269031167030334,
        0.14477118849754333,
        0.13262595236301422,
        0.1168765053153038,
        0.10339877754449844,
        0.10071725398302078
      ]
    },
    "base_model.model.bert.encoder.layer.3.attention.self.query": {
      "mean_singular_value": 0.004894572775810957,
      "max_singular_value": 2.4377620220184326,
      "rank_95": 1,
      "stable_rank": 2.284921407699585,
      "singular_values": [
        2.4377620220184326,
        0.37226155400276184,
        0.23961041867733002,
        0.10183534026145935,
        0.0918046087026596,
        0.07167287170886993,
        0.07097778469324112,
        0.05916282534599304,
        0.05552409589290619,
        0.05121104046702385
      ]
    },
    "base_model.model.bert.encoder.layer.4.attention.self.query": {
      "mean_singular_value": 0.005744032096117735,
      "max_singular_value": 2.8037047386169434,
      "rank_95": 2,
      "stable_rank": 2.344655752182007,
      "singular_values": [
        2.8037047386169434,
        0.5690203309059143,
        0.22979247570037842,
        0.13534444570541382,
        0.10869324952363968,
        0.08915016055107117,
        0.076447032392025,
        0.062416013330221176,
        0.05555836483836174,
        0.05359799414873123
      ]
    },
    "base_model.model.bert.encoder.layer.5.attention.self.query": {
      "mean_singular_value": 0.004859518259763718,
      "max_singular_value": 2.4549343585968018,
      "rank_95": 1,
      "stable_rank": 2.215212821960449,
      "singular_values": [
        2.4549343585968018,
        0.3551647961139679,
        0.3183792531490326,
        0.09133142977952957,
        0.08141357451677322,
        0.06219545751810074,
        0.05772072449326515,
        0.052186597138643265,
        0.04067371040582657,
        0.036929741501808167
      ]
    },
    "base_model.model.bert.encoder.layer.6.attention.self.query": {
      "mean_singular_value": 0.005159811582416296,
      "max_singular_value": 1.78709876537323,
      "rank_95": 2,
      "stable_rank": 3.416722059249878,
      "singular_values": [
        1.78709876537323,
        1.1417200565338135,
        0.18103370070457458,
        0.12814323604106903,
        0.10552611202001572,
        0.08877119421958923,
        0.0791083350777626,
        0.07374269515275955,
        0.06513085961341858,
        0.05919346958398819
      ]
    },
    "base_model.model.bert.encoder.layer.7.attention.self.query": {
      "mean_singular_value": 0.007049197796732187,
      "max_singular_value": 2.7740137577056885,
      "rank_95": 2,
      "stable_rank": 2.946577310562134,
      "singular_values": [
        2.7740137577056885,
        1.4034420251846313,
        0.4719610810279846,
        0.14510604739189148,
        0.10364392399787903,
        0.08335480093955994,
        0.06836036592721939,
        0.06345823407173157,
        0.04985090717673302,
        0.04646311327815056
      ]
    },
    "base_model.model.bert.encoder.layer.8.attention.self.query": {
      "mean_singular_value": 0.007057400420308113,
      "max_singular_value": 3.0080947875976562,
      "rank_95": 2,
      "stable_rank": 2.6119768619537354,
      "singular_values": [
        3.0080947875976562,
        1.3885129690170288,
        0.49018362164497375,
        0.10182004421949387,
        0.07685471326112747,
        0.06651689857244492,
        0.051941439509391785,
        0.04150139540433884,
        0.03467804193496704,
        0.03150507062673569
      ]
    },
    "base_model.model.bert.encoder.layer.9.attention.self.query": {
      "mean_singular_value": 0.009310107678174973,
      "max_singular_value": 3.4743785858154297,
      "rank_95": 2,
      "stable_rank": 2.8299272060394287,
      "singular_values": [
        3.4743785858154297,
        2.3323206901550293,
        0.7065942883491516,
        0.18334276974201202,
        0.08559269458055496,
        0.0676334947347641,
        0.05030490458011627,
        0.04243825376033783,
        0.035231467336416245,
        0.03075435198843479
      ]
    },
    "base_model.model.bert.encoder.layer.10.attention.self.query": {
      "mean_singular_value": 0.010043886490166187,
      "max_singular_value": 4.1933183670043945,
      "rank_95": 2,
      "stable_rank": 2.5663490295410156,
      "singular_values": [
        4.1933183670043945,
        2.292577028274536,
        0.5431466698646545,
        0.14520761370658875,
        0.08944891393184662,
        0.07636042684316635,
        0.05737391486763954,
        0.054319292306900024,
        0.04755384474992752,
        0.039794888347387314
      ]
    },
    "base_model.model.bert.encoder.layer.11.attention.self.query": {
      "mean_singular_value": 0.007921095006167889,
      "max_singular_value": 4.799605369567871,
      "rank_95": 1,
      "stable_rank": 1.5414589643478394,
      "singular_values": [
        4.799605369567871,
        0.9818351864814758,
        0.044072940945625305,
        0.036985620856285095,
        0.03420227766036987,
        0.02917645499110222,
        0.026827652007341385,
        0.022239621728658676,
        0.01706155203282833,
        0.015597806312143803
      ]
    }
  }
}