{
  "transfer_accuracy": 0.6911764705882353,
  "svd_analysis": {
    "base_model.model.bert.encoder.layer.0.attention.self.value": {
      "mean_singular_value": 0.00410029012709856,
      "max_singular_value": 1.160987138748169,
      "rank_95": 3,
      "stable_rank": 4.583077430725098,
      "singular_values": [
        1.160987138748169,
        0.6794349551200867,
        0.548331618309021,
        0.11173871159553528,
        0.10352683067321777,
        0.07776692509651184,
        0.07356832176446915,
        0.06627897918224335,
        0.061176933348178864,
        0.05445960909128189
      ]
    },
    "base_model.model.bert.encoder.layer.1.attention.self.value": {
      "mean_singular_value": 0.0027614112477749586,
      "max_singular_value": 1.2064685821533203,
      "rank_95": 2,
      "stable_rank": 2.821112632751465,
      "singular_values": [
        1.2064685821533203,
        0.259034663438797,
        0.23460856080055237,
        0.07144501805305481,
        0.052882976830005646,
        0.043167609721422195,
        0.038497284054756165,
        0.032354194670915604,
        0.029377229511737823,
        0.026676716282963753
      ]
    },
    "base_model.model.bert.encoder.layer.2.attention.self.value": {
      "mean_singular_value": 0.0030039798002690077,
      "max_singular_value": 1.5402743816375732,
      "rank_95": 1,
      "stable_rank": 2.175920248031616,
      "singular_values": [
        1.5402743816375732,
        0.21540379524230957,
        0.09386494010686874,
        0.06406912207603455,
        0.057583387941122055,
        0.046862535178661346,
        0.040553610771894455,
        0.03697580471634865,
        0.036386143416166306,
        0.030466746538877487
      ]
    },
    "base_model.model.bert.encoder.layer.3.attention.self.value": {
      "mean_singular_value": 0.0026470671873539686,
      "max_singular_value": 1.1497193574905396,
      "rank_95": 2,
      "stable_rank": 2.827139139175415,
      "singular_values": [
        1.1497193574905396,
        0.3252357244491577,
        0.12145410478115082,
        0.07829756289720535,
        0.062177546322345734,
        0.05064427852630615,
        0.04583260416984558,
        0.033958613872528076,
        0.03115205653011799,
        0.025284959003329277
      ]
    },
    "base_model.model.bert.encoder.layer.4.attention.self.value": {
      "mean_singular_value": 0.003243716200813651,
      "max_singular_value": 1.1943809986114502,
      "rank_95": 3,
      "stable_rank": 3.5694422721862793,
      "singular_values": [
        1.1943809986114502,
        0.4536953568458557,
        0.22221821546554565,
        0.1860925704240799,
        0.08975699543952942,
        0.08157427608966827,
        0.04195760563015938,
        0.033828265964984894,
        0.031051894649863243,
        0.03028765693306923
      ]
    },
    "base_model.model.bert.encoder.layer.5.attention.self.value": {
      "mean_singular_value": 0.004190187435597181,
      "max_singular_value": 1.3220231533050537,
      "rank_95": 3,
      "stable_rank": 3.7335071563720703,
      "singular_values": [
        1.3220231533050537,
        0.913547694683075,
        0.39316681027412415,
        0.11861538141965866,
        0.07739721983671188,
        0.06540986150503159,
        0.06262147426605225,
        0.04842746630311012,
        0.03947873413562775,
        0.033650364726781845
      ]
    },
    "base_model.model.bert.encoder.layer.6.attention.self.value": {
      "mean_singular_value": 0.0035070793237537146,
      "max_singular_value": 1.3041988611221313,
      "rank_95": 2,
      "stable_rank": 3.377372980117798,
      "singular_values": [
        1.3041988611221313,
        0.6025118827819824,
        0.22427475452423096,
        0.10090112686157227,
        0.09280138462781906,
        0.06739997863769531,
        0.057392705231904984,
        0.04431774094700813,
        0.03371276333928108,
        0.029814666137099266
      ]
    },
    "base_model.model.bert.encoder.layer.7.attention.self.value": {
      "mean_singular_value": 0.004143403377383947,
      "max_singular_value": 1.7550731897354126,
      "rank_95": 2,
      "stable_rank": 2.7234771251678467,
      "singular_values": [
        1.7550731897354126,
        0.7562844753265381,
        0.1875058114528656,
        0.13288232684135437,
        0.06185435876250267,
        0.05237073451280594,
        0.044540174305438995,
        0.03534497320652008,
        0.026617305353283882,
        0.02243618667125702
      ]
    },
    "base_model.model.bert.encoder.layer.8.attention.self.value": {
      "mean_singular_value": 0.0036989522632211447,
      "max_singular_value": 1.5438220500946045,
      "rank_95": 2,
      "stable_rank": 2.7005200386047363,
      "singular_values": [
        1.5438220500946045,
        0.7419371604919434,
        0.19882188737392426,
        0.07760244607925415,
        0.06158187612891197,
        0.039868056774139404,
        0.029390690848231316,
        0.027123795822262764,
        0.02416171133518219,
        0.018316838890314102
      ]
    },
    "base_model.model.bert.encoder.layer.9.attention.self.value": {
      "mean_singular_value": 0.0037502299528568983,
      "max_singular_value": 1.4315359592437744,
      "rank_95": 2,
      "stable_rank": 2.9608707427978516,
      "singular_values": [
        1.4315359592437744,
        0.8371378779411316,
        0.17136147618293762,
        0.09551174938678741,
        0.06838420033454895,
        0.0470135435461998,
        0.04145708307623863,
        0.0385565459728241,
        0.030810266733169556,
        0.02092939428985119
      ]
    },
    "base_model.model.bert.encoder.layer.10.attention.self.value": {
      "mean_singular_value": 0.0037316977977752686,
      "max_singular_value": 1.6543307304382324,
      "rank_95": 2,
      "stable_rank": 2.772861957550049,
      "singular_values": [
        1.6543307304382324,
        0.4008888602256775,
        0.15376552939414978,
        0.10840047895908356,
        0.0877612978219986,
        0.06898744404315948,
        0.05989721417427063,
        0.051915306597948074,
        0.05010070279240608,
        0.04308437183499336
      ]
    },
    "base_model.model.bert.encoder.layer.11.attention.self.value": {
      "mean_singular_value": 0.004725935403257608,
      "max_singular_value": 2.680043935775757,
      "rank_95": 1,
      "stable_rank": 1.809058427810669,
      "singular_values": [
        2.680043935775757,
        0.2291223704814911,
        0.1144215539097786,
        0.09851126372814178,
        0.07684415578842163,
        0.06126140430569649,
        0.0536191463470459,
        0.045709386467933655,
        0.0425235740840435,
        0.04011077433824539
      ]
    }
  }
}