{
  "transfer_accuracy": 0.696078431372549,
  "svd_analysis": {
    "base_model.model.bert.encoder.layer.0.attention.self.value": {
      "mean_singular_value": 0.004022351931780577,
      "max_singular_value": 1.37157142162323,
      "rank_95": 3,
      "stable_rank": 3.9735498428344727,
      "singular_values": [
        1.37157142162323,
        0.5797811150550842,
        0.3582524359226227,
        0.13099409639835358,
        0.09466546028852463,
        0.07250924408435822,
        0.06882417947053909,
        0.06627533584833145,
        0.052268046885728836,
        0.05101349577307701
      ]
    },
    "base_model.model.bert.encoder.layer.1.attention.self.value": {
      "mean_singular_value": 0.0030444490257650614,
      "max_singular_value": 1.3714985847473145,
      "rank_95": 2,
      "stable_rank": 2.713118076324463,
      "singular_values": [
        1.3714985847473145,
        0.28251948952674866,
        0.16384217143058777,
        0.09655598551034927,
        0.07687332481145859,
        0.05484946444630623,
        0.04420080780982971,
        0.036828458309173584,
        0.03348490968346596,
        0.03165540099143982
      ]
    },
    "base_model.model.bert.encoder.layer.2.attention.self.value": {
      "mean_singular_value": 0.0030771021265536547,
      "max_singular_value": 1.4555203914642334,
      "rank_95": 1,
      "stable_rank": 2.5094149112701416,
      "singular_values": [
        1.4555203914642334,
        0.2697031795978546,
        0.08597025275230408,
        0.0783771350979805,
        0.0684664323925972,
        0.05505204573273659,
        0.051195260137319565,
        0.04503776505589485,
        0.04135724902153015,
        0.03754107281565666
      ]
    },
    "base_model.model.bert.encoder.layer.3.attention.self.value": {
      "mean_singular_value": 0.0025119842030107975,
      "max_singular_value": 1.08908212184906,
      "rank_95": 2,
      "stable_rank": 2.8728678226470947,
      "singular_values": [
        1.08908212184906,
        0.2468249797821045,
        0.1527700275182724,
        0.11587563902139664,
        0.07091213017702103,
        0.04447420686483383,
        0.031805019825696945,
        0.028475595638155937,
        0.02640804834663868,
        0.02211024984717369
      ]
    },
    "base_model.model.bert.encoder.layer.4.attention.self.value": {
      "mean_singular_value": 0.003025597892701626,
      "max_singular_value": 0.9267399311065674,
      "rank_95": 2,
      "stable_rank": 3.8912320137023926,
      "singular_values": [
        0.9267399311065674,
        0.6923838257789612,
        0.13432225584983826,
        0.09550594538450241,
        0.07295668125152588,
        0.06119932234287262,
        0.05439850315451622,
        0.050094857811927795,
        0.046239156275987625,
        0.03929803520441055
      ]
    },
    "base_model.model.bert.encoder.layer.5.attention.self.value": {
      "mean_singular_value": 0.00342706311494112,
      "max_singular_value": 1.4216105937957764,
      "rank_95": 2,
      "stable_rank": 2.9361493587493896,
      "singular_values": [
        1.4216105937957764,
        0.529385507106781,
        0.17999175190925598,
        0.09345867484807968,
        0.07548237591981888,
        0.055914171040058136,
        0.04290790855884552,
        0.03570934385061264,
        0.03173361346125603,
        0.029068520292639732
      ]
    },
    "base_model.model.bert.encoder.layer.6.attention.self.value": {
      "mean_singular_value": 0.0031300347764045,
      "max_singular_value": 1.2233176231384277,
      "rank_95": 2,
      "stable_rank": 3.2676212787628174,
      "singular_values": [
        1.2233176231384277,
        0.4341416656970978,
        0.24071156978607178,
        0.0860796719789505,
        0.07252679765224457,
        0.06195463612675667,
        0.04661901295185089,
        0.03867906704545021,
        0.0335540845990181,
        0.033086713403463364
      ]
    },
    "base_model.model.bert.encoder.layer.7.attention.self.value": {
      "mean_singular_value": 0.004115507937967777,
      "max_singular_value": 1.1955920457839966,
      "rank_95": 3,
      "stable_rank": 4.119193077087402,
      "singular_values": [
        1.1955920457839966,
        0.883385956287384,
        0.39977818727493286,
        0.1468440741300583,
        0.1133299395442009,
        0.08462033420801163,
        0.06010071188211441,
        0.054968152195215225,
        0.0487348809838295,
        0.04299488291144371
      ]
    },
    "base_model.model.bert.encoder.layer.8.attention.self.value": {
      "mean_singular_value": 0.0037351464852690697,
      "max_singular_value": 1.460504174232483,
      "rank_95": 2,
      "stable_rank": 3.0565097332000732,
      "singular_values": [
        1.460504174232483,
        0.6822105646133423,
        0.25312644243240356,
        0.12155722826719284,
        0.06815513223409653,
        0.058504100888967514,
        0.04977404326200485,
        0.042625829577445984,
        0.028186451643705368,
        0.023759596049785614
      ]
    },
    "base_model.model.bert.encoder.layer.9.attention.self.value": {
      "mean_singular_value": 0.004283068235963583,
      "max_singular_value": 1.641804575920105,
      "rank_95": 2,
      "stable_rank": 2.950592279434204,
      "singular_values": [
        1.641804575920105,
        0.9566612839698792,
        0.15366220474243164,
        0.10942715406417847,
        0.08376622945070267,
        0.05859686806797981,
        0.0564797967672348,
        0.047301873564720154,
        0.040511354804039,
        0.031577784568071365
      ]
    },
    "base_model.model.bert.encoder.layer.10.attention.self.value": {
      "mean_singular_value": 0.004557050298899412,
      "max_singular_value": 2.2402186393737793,
      "rank_95": 1,
      "stable_rank": 2.3393685817718506,
      "singular_values": [
        2.2402186393737793,
        0.3846910893917084,
        0.1357981264591217,
        0.12287311255931854,
        0.09555487334728241,
        0.07173870503902435,
        0.06398019194602966,
        0.05948168411850929,
        0.052978500723838806,
        0.04959665983915329
      ]
    },
    "base_model.model.bert.encoder.layer.11.attention.self.value": {
      "mean_singular_value": 0.004588146694004536,
      "max_singular_value": 2.4044101238250732,
      "rank_95": 2,
      "stable_rank": 2.0378615856170654,
      "singular_values": [
        2.4044101238250732,
        0.5277079939842224,
        0.09849295765161514,
        0.07533937692642212,
        0.07239790260791779,
        0.05117163807153702,
        0.048382826149463654,
        0.04551064968109131,
        0.03767840564250946,
        0.032711535692214966
      ]
    }
  }
}