{
  "transfer_accuracy": 0.6813725490196079,
  "svd_analysis": {
    "base_model.model.bert.encoder.layer.0.attention.self.query": {
      "mean_singular_value": 0.0065107159316539764,
      "max_singular_value": 2.7993316650390625,
      "rank_95": 2,
      "stable_rank": 2.8368706703186035,
      "singular_values": [
        2.7993316650390625,
        0.9057642817497253,
        0.24075545370578766,
        0.17311973869800568,
        0.10821898281574249,
        0.09774979948997498,
        0.0930001512169838,
        0.08461197465658188,
        0.07561685144901276,
        0.07097147405147552
      ]
    },
    "base_model.model.bert.encoder.layer.1.attention.self.query": {
      "mean_singular_value": 0.005697600077837706,
      "max_singular_value": 2.4543166160583496,
      "rank_95": 2,
      "stable_rank": 2.9752957820892334,
      "singular_values": [
        2.4543166160583496,
        0.4757325351238251,
        0.2307935208082199,
        0.18290705978870392,
        0.13619479537010193,
        0.13463857769966125,
        0.11408837884664536,
        0.10354606807231903,
        0.08804888278245926,
        0.08158300071954727
      ]
    },
    "base_model.model.bert.encoder.layer.2.attention.self.query": {
      "mean_singular_value": 0.006394354626536369,
      "max_singular_value": 3.121734857559204,
      "rank_95": 1,
      "stable_rank": 2.369306802749634,
      "singular_values": [
        3.121734857559204,
        0.5467476844787598,
        0.20965060591697693,
        0.14405061304569244,
        0.10740768909454346,
        0.10395492613315582,
        0.08805876970291138,
        0.08573178946971893,
        0.07653893530368805,
        0.07483451813459396
      ]
    },
    "base_model.model.bert.encoder.layer.3.attention.self.query": {
      "mean_singular_value": 0.005218755919486284,
      "max_singular_value": 2.301969528198242,
      "rank_95": 2,
      "stable_rank": 2.7352097034454346,
      "singular_values": [
        2.301969528198242,
        0.6845914721488953,
        0.22388103604316711,
        0.10676758736371994,
        0.09430961310863495,
        0.08702169358730316,
        0.07224954664707184,
        0.06561856716871262,
        0.059425584971904755,
        0.05717041715979576
      ]
    },
    "base_model.model.bert.encoder.layer.4.attention.self.query": {
      "mean_singular_value": 0.005477453116327524,
      "max_singular_value": 2.3261613845825195,
      "rank_95": 2,
      "stable_rank": 2.84470272064209,
      "singular_values": [
        2.3261613845825195,
        0.8268774151802063,
        0.2600483298301697,
        0.1270572394132614,
        0.09680499136447906,
        0.09168372303247452,
        0.07192546874284744,
        0.06363022327423096,
        0.05598479509353638,
        0.05188237503170967
      ]
    },
    "base_model.model.bert.encoder.layer.5.attention.self.query": {
      "mean_singular_value": 0.005145651288330555,
      "max_singular_value": 2.291170358657837,
      "rank_95": 2,
      "stable_rank": 2.7468323707580566,
      "singular_values": [
        2.291170358657837,
        0.5467650294303894,
        0.24332945048809052,
        0.1688086986541748,
        0.12061212211847305,
        0.08950511366128922,
        0.07942213863134384,
        0.07154431194067001,
        0.06325864046812057,
        0.05035289749503136
      ]
    },
    "base_model.model.bert.encoder.layer.6.attention.self.query": {
      "mean_singular_value": 0.005110337398946285,
      "max_singular_value": 2.7435364723205566,
      "rank_95": 1,
      "stable_rank": 1.9488786458969116,
      "singular_values": [
        2.7435364723205566,
        0.5841394662857056,
        0.11856599897146225,
        0.07930441200733185,
        0.063133604824543,
        0.055035658180713654,
        0.03860904276371002,
        0.03431438282132149,
        0.033029235899448395,
        0.03080250695347786
      ]
    },
    "base_model.model.bert.encoder.layer.7.attention.self.query": {
      "mean_singular_value": 0.006410106550902128,
      "max_singular_value": 2.6520676612854004,
      "rank_95": 3,
      "stable_rank": 2.9064767360687256,
      "singular_values": [
        2.6520676612854004,
        0.9334517121315002,
        0.6200910806655884,
        0.12855882942676544,
        0.08891896158456802,
        0.07002317160367966,
        0.06873897463083267,
        0.05454308167099953,
        0.04790777713060379,
        0.04545001685619354
      ]
    },
    "base_model.model.bert.encoder.layer.8.attention.self.query": {
      "mean_singular_value": 0.006389702204614878,
      "max_singular_value": 3.0458695888519287,
      "rank_95": 2,
      "stable_rank": 2.3177576065063477,
      "singular_values": [
        3.0458695888519287,
        0.956200122833252,
        0.41295114159584045,
        0.10443618893623352,
        0.0776071697473526,
        0.05833819508552551,
        0.04998594895005226,
        0.03521949052810669,
        0.032982148230075836,
        0.02637713961303234
      ]
    },
    "base_model.model.bert.encoder.layer.9.attention.self.query": {
      "mean_singular_value": 0.009305364452302456,
      "max_singular_value": 2.838479995727539,
      "rank_95": 3,
      "stable_rank": 3.1634914875030518,
      "singular_values": [
        2.838479995727539,
        2.6326241493225098,
        1.05483877658844,
        0.14081288874149323,
        0.08292359113693237,
        0.06612453609704971,
        0.05885989964008331,
        0.05181680619716644,
        0.04412185773253441,
        0.04045005142688751
      ]
    },
    "base_model.model.bert.encoder.layer.10.attention.self.query": {
      "mean_singular_value": 0.010353260673582554,
      "max_singular_value": 4.986831188201904,
      "rank_95": 2,
      "stable_rank": 2.289825916290283,
      "singular_values": [
        4.986831188201904,
        1.5081641674041748,
        0.6252159476280212,
        0.16525259613990784,
        0.14569133520126343,
        0.08782412856817245,
        0.06689995527267456,
        0.05599192902445793,
        0.05381594970822334,
        0.04928712546825409
      ]
    },
    "base_model.model.bert.encoder.layer.11.attention.self.query": {
      "mean_singular_value": 0.009028554894030094,
      "max_singular_value": 4.522017478942871,
      "rank_95": 2,
      "stable_rank": 1.9312591552734375,
      "singular_values": [
        4.522017478942871,
        2.105480432510376,
        0.09003672748804092,
        0.05445762723684311,
        0.02455439232289791,
        0.02191602997481823,
        0.02138068713247776,
        0.015773819759488106,
        0.012956268154084682,
        0.011923103593289852
      ]
    }
  }
}