{
  "transfer_accuracy": 0.7009803921568627,
  "svd_analysis": {
    "base_model.model.bert.encoder.layer.0.attention.self.value": {
      "mean_singular_value": 0.004139193799346685,
      "max_singular_value": 1.329860806465149,
      "rank_95": 3,
      "stable_rank": 4.1241888999938965,
      "singular_values": [
        1.329860806465149,
        0.7427973747253418,
        0.2613487243652344,
        0.1200534924864769,
        0.09320253878831863,
        0.08764266222715378,
        0.07463371753692627,
        0.0678672268986702,
        0.06243940442800522,
        0.059270743280649185
      ]
    },
    "base_model.model.bert.encoder.layer.1.attention.self.value": {
      "mean_singular_value": 0.0029082882683724165,
      "max_singular_value": 1.298636555671692,
      "rank_95": 2,
      "stable_rank": 2.6959738731384277,
      "singular_values": [
        1.298636555671692,
        0.3333301544189453,
        0.18855634331703186,
        0.08515987545251846,
        0.04525754973292351,
        0.04150588810443878,
        0.03676558658480644,
        0.034031301736831665,
        0.028941843658685684,
        0.026430591940879822
      ]
    },
    "base_model.model.bert.encoder.layer.2.attention.self.value": {
      "mean_singular_value": 0.002955162199214101,
      "max_singular_value": 1.1238857507705688,
      "rank_95": 2,
      "stable_rank": 3.537635326385498,
      "singular_values": [
        1.1238857507705688,
        0.35958239436149597,
        0.1414867788553238,
        0.12269694358110428,
        0.09398999810218811,
        0.08455207198858261,
        0.050590477883815765,
        0.043440431356430054,
        0.04048851132392883,
        0.039537277072668076
      ]
    },
    "base_model.model.bert.encoder.layer.3.attention.self.value": {
      "mean_singular_value": 0.002899366430938244,
      "max_singular_value": 1.2470990419387817,
      "rank_95": 2,
      "stable_rank": 2.935452461242676,
      "singular_values": [
        1.2470990419387817,
        0.25070083141326904,
        0.18497538566589355,
        0.1435200273990631,
        0.06911468505859375,
        0.057782161980867386,
        0.043754659593105316,
        0.03730200231075287,
        0.031569305807352066,
        0.02694062888622284
      ]
    },
    "base_model.model.bert.encoder.layer.4.attention.self.value": {
      "mean_singular_value": 0.002462561009451747,
      "max_singular_value": 1.1459046602249146,
      "rank_95": 2,
      "stable_rank": 2.5593442916870117,
      "singular_values": [
        1.1459046602249146,
        0.23402440547943115,
        0.12770389020442963,
        0.062387365847826004,
        0.046097323298454285,
        0.03856867551803589,
        0.032357972115278244,
        0.029194558039307594,
        0.028660038486123085,
        0.025998177006840706
      ]
    },
    "base_model.model.bert.encoder.layer.5.attention.self.value": {
      "mean_singular_value": 0.0037341592833399773,
      "max_singular_value": 1.455899953842163,
      "rank_95": 2,
      "stable_rank": 3.156975030899048,
      "singular_values": [
        1.455899953842163,
        0.638047456741333,
        0.22067111730575562,
        0.09767274558544159,
        0.06737814843654633,
        0.06411914527416229,
        0.052398569881916046,
        0.04532730579376221,
        0.03882838785648346,
        0.03619500994682312
      ]
    },
    "base_model.model.bert.encoder.layer.6.attention.self.value": {
      "mean_singular_value": 0.0041539305821061134,
      "max_singular_value": 1.4751085042953491,
      "rank_95": 2,
      "stable_rank": 3.7475099563598633,
      "singular_values": [
        1.4751085042953491,
        0.6448047757148743,
        0.22702749073505402,
        0.15615378320217133,
        0.11478336900472641,
        0.08596543967723846,
        0.0844147577881813,
        0.07594287395477295,
        0.06604311615228653,
        0.05666551738977432
      ]
    },
    "base_model.model.bert.encoder.layer.7.attention.self.value": {
      "mean_singular_value": 0.0037488213274627924,
      "max_singular_value": 1.8524470329284668,
      "rank_95": 2,
      "stable_rank": 2.2655179500579834,
      "singular_values": [
        1.8524470329284668,
        0.41889286041259766,
        0.16939468681812286,
        0.10074877738952637,
        0.07544885575771332,
        0.044447608292102814,
        0.03532034158706665,
        0.032295823097229004,
        0.027633296325802803,
        0.02446291595697403
      ]
    },
    "base_model.model.bert.encoder.layer.8.attention.self.value": {
      "mean_singular_value": 0.003643159056082368,
      "max_singular_value": 1.6996876001358032,
      "rank_95": 2,
      "stable_rank": 2.440668821334839,
      "singular_values": [
        1.6996876001358032,
        0.5032961368560791,
        0.22008052468299866,
        0.0778219923377037,
        0.07272680848836899,
        0.03953436389565468,
        0.03478970006108284,
        0.025041501969099045,
        0.022229744121432304,
        0.020289992913603783
      ]
    },
    "base_model.model.bert.encoder.layer.9.attention.self.value": {
      "mean_singular_value": 0.004694318398833275,
      "max_singular_value": 1.7536059617996216,
      "rank_95": 2,
      "stable_rank": 3.2374751567840576,
      "singular_values": [
        1.7536059617996216,
        0.9136112332344055,
        0.23010942339897156,
        0.13431400060653687,
        0.09586603939533234,
        0.07654492557048798,
        0.0714646503329277,
        0.05598403885960579,
        0.05446361377835274,
        0.04443155601620674
      ]
    },
    "base_model.model.bert.encoder.layer.10.attention.self.value": {
      "mean_singular_value": 0.004145390819758177,
      "max_singular_value": 1.8657459020614624,
      "rank_95": 2,
      "stable_rank": 2.652480125427246,
      "singular_values": [
        1.8657459020614624,
        0.5327398777008057,
        0.12531264126300812,
        0.09503497928380966,
        0.08400002121925354,
        0.07858848571777344,
        0.06595318764448166,
        0.05871095880866051,
        0.05199994891881943,
        0.0469353087246418
      ]
    },
    "base_model.model.bert.encoder.layer.11.attention.self.value": {
      "mean_singular_value": 0.004591322038322687,
      "max_singular_value": 2.4514193534851074,
      "rank_95": 1,
      "stable_rank": 2.001173257827759,
      "singular_values": [
        2.4514193534851074,
        0.39954978227615356,
        0.13140060007572174,
        0.08514080941677094,
        0.0648963451385498,
        0.057365819811820984,
        0.04960278794169426,
        0.042486999183893204,
        0.041954200714826584,
        0.03568541258573532
      ]
    }
  }
}